{
  "eye": {
    "orientation": [
      -0.42676180601119995,
      0.25306111574172974,
      -0.6389032006263733,
      0.5879091024398804
    ],
    "magnitude": 1,
    "position": [
      297.91162109375,
      63.015724182128906,
      179.66302490234375
    ]
  },
  "radius": 250,
  "type": "PERSPECTIVE"
}